Lfd. Nr.,Datum,Areal,Fundstelle,Beschreibung,X,Y,Z
337,09.10.03,Hc.III.7.West,261,Tierterrakottafragment,"1121,98","368,10","113,48"
338,09.10.03,Hc.III.7.Ost,234,Terrakottafragment,"1121,99","364,50","113,03"
339,09.10.03,Hc.III.7.Ost,234,Räucherständerfragment,"1122,00","373,77","113,76"
340,09.10.03,Hc.III.7.Ost,170,polierter Stein,"1122,23","372,99","113,75"
341,09.10.03,Hd.III.6.West,233,3 Muscheln,"1122,23","372,99","113,75"
342,09.10.03,Hc.III.7.West,242,Keramikfragment mit länglicher Applikation,"1122,45",360.7,"113,58"
335,08.10.03,Hc.III.7.West,258,"Wagenrad, vollständig","1122,72","376,30","114,15"
336,08.10.03,Hc.III.7.West,260,Bronzeklumpen,"1122,95","376,82","114,16"
334,07.10.03,Hc.III.7.West,257,"schwarzer, polierter Stein","1123,11","376,98","114,17"
333,05.10.03,Hc.III.7.Ost,248,Bergkristallperle,"1120,30","374,70","114,40"
331,04.10.03,Hc.III.7.Ost,235,"Schüssel, zerscherbt","1120,30","374,70","114,40"
332,04.10.03,Hc.III.7.West,245,Tonklumpen,"1120,46","373,25","113,91"
327,02.10.03,Hc.III.7.West,241,"durchbohrte Muschel, vollständig","1120,65","374,60","113,62"
328,02.10.03,Hc.III.7.West,219,"Keramikfragment, verziert, mit figürlichen Applikatoren (?)","1120,93","376,25","113,98"
329,02.10.03,Hc.III.7.West,219,Körper einer weibl. Terrakotte,"1121,17","376,65","113,06"
330,02.10.03,Hc.III.7.West,219,Terrakottenfuß,"1121,19","376,42","114,03"
320,01.10.03,Hc.III.7.West,219,"Wagenmodell, beschädigt","1121,29","373,40","113,89"
321,01.10.03,Hc.III.7.West,218,längliches Bronzefragment,"1121,31","368,70","113,58"
322,01.10.03,Hc.III.7.West,218,Wagenmodellfragment,"1121,33","375,15","114,07"
323,01.10.03,Hc.III.7.West,219,"Miniaturgefäß, Profil","1121,39","362,90","112,33"
324,01.10.03,Hc.III.7.West,219,Flintfragment,"9,91","7,77","112,52"
326,01.10.03,Hc.III.7.West,219,Gefäßprofil,"9,92","1,98","112,90"
307,30.09.03,Hc.III.7.Ost,219,Wagenmodellfragment,"9,99","6,60","112,51"
308,30.09.03,Hc.III.7.Ost,219,Kopf einer weibl. Terrakotte,"9,99","6,60","112,51"
309,30.09.03,Hc.III.7.Ost,219,Terrakotte ohne Kopf,"14,97","9,02","113,3"
310,30.09.03,Hc.III.7.Ost,219,Wagenmodellfragment,"66,81","6,08","112,80"
311,30.09.03,Hc.III.7.Ost,219,Wagenmodellfragment,"120,96","373,15","113,84"
312,30.09.03,Hc.III.7.Ost,219,"Terrakottenfragment, weibl.","134,64","356,20","113,88"
313,30.09.03,Hc.III.7.Ost,233,"Miniaturtopf, vollständig","1112,48","386,31","112,95"
314,30.09.03,Hc.III.7.Ost,219,Becherprofil (1E),"9,76","5,37","111,05"
315,30.09.03,Hc.III.7.Ost,219,Keramikfragment mit roter Bemalung auf hellem Grund,"9,77","8,37","112,38"
316,30.09.03,Hc.III.7.Ost,219,polierter Stein,"9,8","5,85",111
317,30.09.03,Hc.III.7.Ost,219,Rand und Henkelfragm. - rote Ware,"9,80","6,62","112,59"
318,30.09.03,Hc.III.7.Ost,219,Tellerfragment,"9,80","6,62","112,59"
319,30.09.03,Hc.III.7.Ost,220,Schalenprofil,"9,80","6,62","112,59"
301,29.09.03,Hc.III.7.Ost,156,Bronzeklumpen,"9,80","6,62","112,59"
302,29.09.03,Hc.III.7.Ost,119,Wagenmodellfragment,"9,80","5,42","113,44"
303,29.09.03,Hc.III.7.Ost,119,Terrakottenfragment,"9,83","2,47","110,51"
304,29.09.03,Hc.III.7.Ost,119,Tierterrakottenfragment,"9,86","1,44","113,44"
305,29.09.03,Hc.III.7.Ost,111,Terrakottenfuß,"9,5","4,05","12,33"
306,29.09.03,Hc.III.7.Ost,111,Napfprofil,"9,5","3,5","107,09"
325,29.09.03,Hc.III.6.Ost,178,Napfprofil,"9,52","3,52","111,64"
296,28.09.03,Hd.III.6.West,223,Bronzefragment,"9,52","3,52","111,64"
297,28.09.03,Hd.III.6.West,223,Perle,"9,52","8,6","112,28"
298,28.09.03,Hc.III.7.West,219,Wagenrad,"9,53","6,17","110,83"
299,28.09.03,Hc.III.7.West,219,Stierterrakotte,"9,56","4,32","112,66"
300,28.09.03,Hc.III.7.West,156 (?),Wagenmodellfragment,"9,56","4,43","112,50"
288,27.09.03,Hc.III.7.West,219,"weibl. Terrakotte, ohne Kopf","9,56","8,94","113,24"
289,27.09.03,Hc.III.7.West,218,Spielstein (?),"9,57","8,83","113,28"
290,27.09.03,Hc.III.7.West,218,Kopf einer Tierterrakotte,"9,63","5,73","112,68"
291,27.09.03,Hc.III.7.Ost,219,"Wagenrad, leicht beschädigt","9,65","5,1","111,4"
292,27.09.03,Hc.III.7.Ost,219,Wagenmodellfragment,"9,66","2,35","110,66"
293,27.09.03,Hc.III.7.Ost,222,Bronzeklumpen,"9,66","8,17","109,78"
294,27.09.03,Hc.III.7.West,220,Bronzeklumpen,"9,66","8,17","109,78"
295,27.09.03,Hc.III.7.West,219,Terrakottenfragment mit Durchbohrung,"9,44","9,29","112,67"
281,25.09.03,Hd.III.6.West,200,2 Scheibenförmige Fritteperlen,"9,45","8,2","12,02"
282,25.09.03,Hc.III.6.Ost,217,Kopf mit Öse einer Pilzkopfnadel,"9,46","9,50","112,52"
283,25.09.03,Hc.III.7.West,218,Tierterrakottenfragment,"9,47","8,6","12,1"
284,25.09.03,Hc.III.7.West,219,"Nadel mit Öse, in 4 Teile zerbrochen","9,47","2,56","112,74"
285,25.09.03,Hc.III.7.West,219,Wagenradfragment,"9,48","8,25","12,01"
286,25.09.03,Hc.III.7.West,219,3 Nadelfragmente,"9,49","3,79","108,93"
287,25.09.03,Hc.III.7.West,219,Tierterrakotte ohne Kopf,"9,5","8,34","12,1"
274,24.09.03,Hc.III.7.Ost,213,Miniaturgefäß,"9,38","8,2","12,04"
275,24.09.03,Hc.III.7.Ost,213,Schüsselprofil,"9,38","8,2","12,04"
276,24.09.03,Hc.III.5.Ost,204,Bronzefragment,"9,38","8,45","12,16"
277,24.09.03,Hc.III.7.Ost,207,Terrakottenfragment,"9,4",5,"11,82"
278,24.09.03,Hc.III.7.Ost,207,Perle,"9,40","5,15","110,75"
279,24.09.03,Hc.III.7.Ost,207,"Fragment eines Siebgefäßes, Profil","9,42","8,28","12,13"
280,24.09.03,Hc.III.7.Ost,207,Napfprofil,"9,42","8,01","113,69"
147,23.09.03,Hc.III.7.Ost,207,Napfprofil,"9,22","0,55","112,96"
149,23.09.03,Hc.III.8.Ost,159,Kopf einer anthropomorphen Terrakotte,"9,25","8,35","12,03"
150,23.09.03,Hc.III.6.Ost,153,"Gefäß, komplett","9,25","5,37","9,02"
264,23.09.03,Hc.III.7.Ost,211,Bleiklumpen,"9,25","8,55","109,35"
265,23.09.03,Hc.III.7.Ost,211,Terrakottenfuß,"9,27","2,24","112,11"
266,23.09.03,Hc.III.7.Ost,211,"Wagenrad, leicht beschädigt","9,28","8,43","12,08"
267,23.09.03,Hc.III.7.Ost,211,Perle,"9,28","8,57","12,14"
268,23.09.03,Hc.III.7.Ost,211,Bronzefragmente,"9,28","6,67","111,72"
269,23.09.03,Hc.III.6.Ost,001,"halbe, durchbohrte Steinkugel","9,3","7,6","12,25"
270,23.09.03,Hc.III.7.Ost,213,kompletter Topf,"9,3","7,6","12,25"
271,23.09.03,Hc.III.7.Ost,213,"komplette Schüssel, zerscherbt","9,3","7,1","11,98"
272,23.09.03,Hc.III.7.West,212,Wagenmodellfragment,"9,3",6,"12,7"
273,23.09.03,Hc.III.7.West,212,"Muschelperlenfragment, durchbohrt","9,3","7,1","106,84"
257,22.09.03,Hc.III.6.Ost,209,Knochennadelfragment,"9,3","9,4","111,41"
258,22.09.03,Hc.III.7.Ost,207,"Wagemodellfragment, Tierterrakottenfragment","9,32","8,2","12,03"
259,22.09.03,Hd.III.6.West,169,Flintmesser (Fragment?),"9,32","8,2","12,03"
260,22.09.03,Hc.III.6.Ost,178,Terrakottenkörper,"9,36","7,56","112,03"
261,22.09.03,Hc.III.7.Ost,179,"Wagenmodellfragment (?), mit Ritzverzierung","9,1","3,8","12,92"
262,22.09.03,Hc.III.7.Ost,179,Flintklingenfragment,"9,12","8,05","12,09"
263,22.09.03,Hc.III.7.Ost,197,"2 Scherben mit ""Zählkerben"" (?)","9,12","3,65","111,65"
251,21.09.03,Hc.III.7.Ost,207,"Wagenrad, leicht beschädigt","9,13","2,95","112,62"
252,21.09.03,Hc.III.7.Ost,207,Bronzeklumpen,"9,15","8,5","12,13"
253,21.09.03,Hc.III.7.Ost,173,Gefäßprofil,"9,16","3,22","8,47"
254,21.09.03,Hc.III.7.Ost,173,Deckelprofil,"9,18","9,30","113,23"
255,21.09.03,Hc.III.7.Ost,173,Tonstiel,"9,2","2,3","13,02"
256,21.09.03,Hd.III.8.West,179,"Flintklingenfragment, Muschelfragment","9,2","7,8","12,43"
243,20.09.03,Hc.III.7.Ost,157,gebogener Bleidraht,"9,2","8,18","12,08"
244,20.09.03,Hc.III.7.Ost,157,Bronzefragment,"9,2","4,5","7,11"
245,20.09.03,Hd.III.8.West,206,"Flintklingenfragment, Muschel","9,20","1,40","112,93"
246,20.09.03,Hc.III.7.Ost,207,"Wagenrad, leicht beschädigt","9,05","8,18",12
247,20.09.03,Hc.III.6.Ost,209,Muschelfragment,"9,05","8,15","11,99"
248,20.09.03,Hc.III.7.Ost,207,Verschlussfragment,"9,05","8,15","11,99"
249,20.09.03,Hc.III.7.Ost,207,"Wagenrad, stark beschädigt","9,05","8,08","12,01"
250,20.09.03,Hd.III.8.West,206,Kopf und Oberkörper einer weibl. Terrakotte mit Ritzverzierung,"9,05","8,08","12,01"
239,17.09.03,Hc.III.7.Ost,193,Bleiring,"9,05","5,18","112,42"
240,17.09.03,Hd.III.8.West,205,"gebogener Draht, Ohrring?, Verschluss?","9,05","4,37","113,37"
241,17.09.03,Hd.III.8.West,205,Muschelperle,"9,05","3,73","113,26"
242,17.09.03,Hc.III.5.Ost,203,Tierterrakottenfragment,"9,05","7,80","112,80"
232,16.09.03,Hc.III.7.Ost,201,Deckel,"9,1","0,5","14,48"
233,16.09.03,Hc.III.7.Ost,202,Wagenradfragment,"8,96","8,45","114,00"
234,16.09.03,Hc.III.8.West,194,Muschel,"8,96","1,91","109,91"
235,16.09.03,Hc.III.7.Ost,202,Tierterrakotte,"8,97",6,"111,39"
236,16.09.03,Hc.III.7.Ost,202,Terrakottenfuß,9,"7,55","11,73"
237,16.09.03,Hc.III.6.Ost,203,Flintklingenfragment,9,"5,75","13,24"
238,16.09.03,Hc.III.6.Ost,203,"kleiner Pokal, beschädigt",9,,
226,15.09.03,Hd.III.6.West,,"Muschel, durchbohrt",9,"3,15","13,83"
227,15.09.03,Hc.III.8.West,194,Keramikfragment mit Kerbverzierung,9,"3,15","13,83"
228,15.09.03,Hc.III.8.West,194,Flintklingenfragment,"9,03","8,94","113,24"
229,15.09.03,Hd.III.6.West,169,Hornsteinklinge,"9,05","7,3","13,05"
230,15.09.03,Hc.III.7.West,109,Keramikfragment mit Ritzverzierung,"9,05","8,3","11,96"
231,15.09.03,Hc.III.6.Ost,165,fast vollständig erhaltener Topf,"9,05","8,3","11,96"
224,14.09.03,Hc.III.8.West,191,gefaltetes Bleiblech,"9,05","8,25","11,97"
225,14.09.03,Hc.III.7.Ost,173,Bronzeklumpen,"9,05","8,25","11,97"
219,13.09.03,Hc.III.7.Ost,184,Henkel von Steingefäß?,"9,05","8,22",12
220,13.09.03,Hc.III.7.Ost,184,Gefäßprofil,"9,05","8,22",12
221,13.09.03,Hc.III.8.West,187,Gefäßprofil eines Miniaturgefäßes,"9,05","8,18",12
222,13.09.03,Hc.III.6.Ost,186,"Pilzkopfnadel, vollständig, in 3 Teile zerbrochen","8,87","5,70","112,37"
223,13.09.03,Hd.III.6.West,169,Bleifragment,"8,9","1,05","13,42"
217,12.09.03,Hc.III.7.Ost,173,Terrakottenfragment,"8,9","1,05","13,42"
218,12.09.03,Hc.III.6.Ost,183,Wagenmodellfragment,"8,9","8,05","12,01"
205,09.09.03,Hc.III.7.West,109,Deckelprofil,"8,9","0,95","12,88"
206,09.09.03,Hc.III.7.West,112,komplettes Gefäß,"8,90","5,58","112,38"
207,09.09.03,Hc.III.7.Ost,146,Napfprofil,"8,90","4,38","113,67"
208,09.09.03,Hc.III.6.Ost,178,"1 Tonverschlussfragment, 1 verbrannter Tonklumpen","8,90","2,80","112,53"
209,09.09.03,Hc.III.7.Ost,173,Wagenradfragment,"8,93","8,33","112,55"
210,09.09.03,Hc.III.6.Ost,178,vollständig (?) erhaltener Kochtopf,"8,93","8,33","112,55"
211,09.09.03,Hc.III.6.Ost,165,Körper einer Terrakotte,"8,94","8,6","108,38"
212,09.09.03,Hc.III.8.Ost,159,Profil eines Beckens,"8,95","7,95","11,99"
213,09.09.03,Hd.III.8.West,171,Wagenmodellfragment,"8,95","7,95","11,99"
214,09.09.03,Hc.III.7.Ost,173,Bronze und Eisenfragmente,"8,77","9,96","113,35"
215,09.09.03,Hc.III.7.Ost,181,"Depotfund, 11 Wagenräder","8,78","6,95","112,1"
216,09.09.03,Hc.III.6.Ost,178,Bronzefragment,"8,8","7,3","12,97"
199,08.09.03,Hd.III.8.West,134,Keramikfragment,"8,8","4,9","12,75"
200,08.09.03,Hc.III.7.Ost,173,Tierterrakotte mit Kopf - Hinterleib fehlt,"8,8",2,"13,45"
201,08.09.03,Hc.III.7.Ost,173,"Wagenrad, beschädigt","8,8",2,"13,45"
202,08.09.03,Hc.III.7.Ost,173,2 Bleifragmente,"8,8","2,1","12,99"
203,08.09.03,Hc.III.6.Ost,178,Muschel + Bronzeklumpen,"8,80","5,85","112,52"
204,08.09.03,Hc.III.6.Ost,178,Reibstein,"8,80","5,85","112,52"
184,07.09.03,Hc.III.7.West,109,Bleiklumpen,"8,80","8,29","113,31"
185,07.09.03,Hc.III.7.West,156,Terrakottafrag. mit Fingerabdrücken,"8,80","8,29","113,31"
186,07.09.03,Hd.III.8.West,171,Schnecke + Durchbohrung,"8,8","9,76","112,71"
187,07.09.03,Hc.III.7.Ost,172,Muschelfragment,"8,85","7,44","112,20"
188,07.09.03,Hc.III.6.Ost,165,Bronzefragment,"8,87","2,42","110,28"
189,07.09.03,Hd.III.8.West,123,Wagenmodellfragment,"8,87","5,70","112,37"
190,07.09.03,Hc.III.8.Ost,150,Wagenmodellfragment,"8,7","8,95","108,29"
191,07.09.03,Hc.III.8.Ost,150,Räucherständerfragment mit Ritzverzierung,"8,70","8,97","111,84"
192,07.09.03,Hc.III.8.Ost,150,"Muschel, beschädigt","8,74","7,25","111,34"
193,07.09.03,Hc.III.6.Ost,153,Klingenfragment,"8,75","3,2","12,55"
194,07.09.03,Hc.III.8.Ost,176,"Wagenrad, stark beschädigt","8,75",,"113,19"
195,07.09.03,Hc.III.8.Ost,176,Terrakottenfuß,"8,76","7,06","113,46"
196,07.09.03,Hc.III.8.Ost,176,Muschel,"8,6","4,9","11,65"
197,07.09.03,Hc.III.6.Ost,165,Flintfragment,"8,6","4,9","11,65"
198,07.09.03,Hc.III.8.Ost,159,Wagenmodellfragment,"8,6","4,9","11,65"
177,06.09.03,Hd.III.8.West,172,Oberkörper einer weibl. Terrakotte mit Ritzverzierung,"8,6","8,05","12,78"
178,06.09.03,Hd.III.6.West,169,Bronzestück,"8,6","5,8","13,5"
179,06.09.03,Hd.III.8.West,179,,"8,6","5,8","13,5"
180,06.09.03,Hc.III.6.Ost,147,Wagenrad,"8,6","2,2","107,13"
181,06.09.03,Hc.III.6.Ost,147,Terrakottenfuß,"8,62","6,7","11,07"
182,06.09.03,Hc.III.6.Ost,147,"Miniaturnapf, Profil","8,62","6,7","11,07"
183,06.09.03,Oberflächenfund,,"Keramikfrag. + Ritzverzierung, zoomorph?","8,62","6,7","11,07"
159,04.09.03,Hd.III.8.West,167,Muschelfragment,"8,62","6,7","11,07"
160,04.09.03,Hc.III.8.Ost,159,"Schnecke, durchbohrt","8,65","5,4","8,97"
161,04.09.03,Hd.III.8.West,167,"Terrakotte, Kopf fehlt","8,65","3,51","112,90"
162,04.09.03,Hd.III.8.West,171,"Deckel, leicht beschädigt","8,66","1,7","109,93"
163,04.09.03,Hc.III.7.West,157,Klingenfragment,"8,66","6,65","108,77"
164,04.09.03,Hc.III.6.Ost,106,Beckenprofil,"8,67","7,50","112,73"
165,04.09.03,Hc.III.6.Ost,106,Wagenmodellfragment,"8,67","7,50","112,73"
166,04.09.03,Hc.III.6.Ost,165,Wagenmodellfragment,"8,68","8,06","8,91"
167,04.09.03,Hc.III.6.Ost,153,3 Klingenfragmente,"8,7","4,65","10,7"
168,04.09.03,Hc.III.6.Ost,153,Keramikfragment mit Ritzverzierung,"8,7","7,2","13,52"
169,04.09.03,Hc.III.7.West,109,Terrakottenfuß,"8,7","4,9","9,56"
170,04.09.03,Hc.III.7.West,109,Keramikfragment mit Ritzverzierung,"8,55","2,27","12,8"
171,04.09.03,Hc.III.7.West,109,Keramikfragment mit Töpfermarke,"8,55","9,2","108,21"
172,04.09.03,Hc.III.7.West,109,Beckenprofil,"8,55","7,35","108,28"
173,04.09.03,Hd.III.8.West,171,Terrakottenfuß,"8,55","4,25","114,03"
174,04.09.03,Hd.III.8.West,171,Bronzeklumpen,"8,55","6,00","113,44"
175,04.09.03,Hc.III.8.Ost,159,3 Flintklingenfragmente,"8,56","0,85","112,82"
176,04.09.03,Hc.III.6.Ost,153,Flintklingenfragment,"8,56","6,9","112,07"
151,03.09.03,Hc.III.6.Ost,162,Terrakottenfuß,"8,58","4,59","112,47"
152,03.09.03,Hc.III.8.Ost,159,"Terrakottenunterteil, Fuß fehlt","8,6","4,9","11,65"
153,03.09.03,Hc.III.8.Ost,159,Bronzefragment,"8,6","4,9","11,65"
154,03.09.03,Hc.III.7.West,155,"Muschelfragmente, versch. Muscheln","8,6","4,9","11,65"
155,03.09.03,Hd.III.6.West,166,"Gefäßständer, fast vollständig","8,5","5,5","12,82"
156,03.09.03,Hd.III.6.West,166,Bronzefragment,"8,5","1,8","13,65"
158,03.09.03,Hc.III.7.West,155,Fragmente eines Wagenrads,"8,5",3,
157.1,03.09.03,Hd.III.6.West,166,"kleiner Pokal, vollständig","8,5","4,7","9,52"
157.2,03.09.03,Hd.III.6.West,166,"Miniaturtopf, vollständig","8,5","0,95","110,32"
157.3,03.09.03,Hd.III.6.West,166,Deckel mit Kerbe,"8,55","6,25","11,98"
157.4,03.09.03,Hd.III.6.West,166,Deckel,"8,35","8,8","108,19"
157.5,03.09.03,Hd.III.6.West,166,"zahlreiche Fragmente eines kl. Gefäßes (Schale, Napf)","8,35","1,68","109,43"
141,02.09.03,Hc.III.7.Ost,157,Räucherständerfragment mit Ritzverzierung,"8,38","1,94","12,84"
142,02.09.03,Hc.III.7.West,109,Deckelprofil,"8,39","8,20","112,65"
143,02.09.03,Hc.III.6.Ost,015,Keramikfragment mit Töpfermarke,"8,4","6,2","12,6"
144,02.09.03,Hc.III.6.Ost,015,"Keramikfragment mit Ritzverzierung, Wagenfrag.?","8,4","8,55","11,22"
145,02.09.03,Hc.III.6.Ost,106,Fragment eines Wagenmodells (?),"8,4","9,88","112,14"
146,02.09.03,Hc.III.8.Ost,150,Keramikfragment mit Ritzverzierung,"8,42","5,97","11,91"
130,01.09.03,Hc.III.7.Ost,157,"Polzkopfnadelfrag., Bronze","8,42","7,35","111,63"
131,01.09.03,Hc.III.7.Ost,154,Bronzeklumpen,"8,42","9,64","113,00"
132,01.09.03,Hc.III.8.Ost,150,Fuß einer Terrakotte,"8,43","1,98","12,83"
133,01.09.03,Hc.III.8.Ost,150,Wagenmodellfragment,"8,45","4,69","112,60"
134,01.09.03,Hd.III.8.West,134,Wagenmodellfragment,"8,48","1,96","12,84"
135,01.09.03,Hd.III.8.West,134,"Muschel, beschädigt","8,49","5,58","111,18"
136,01.09.03,Hd.III.8.West,001,"Muschel, beschädigt","8,5","0,3",
137,01.09.03,Hd.III.8.West,001,Miniaturgefäß?,"8,3","1,65","12,86"
138,01.09.03,Hc.III.8.Ost,150,Muschelperle,"8,3","2,4","110,19"
139,01.09.03,Hc.III.8.Ost,150,"Wagenrad, vollständig","8,3","0,3","107,63"
140,01.09.03,Hc.III.7.Ost,151,"Wagenrad, Hälfte","8,30","4,78","112,57"
114,31.08.03,Hc.III.7.West,109,Fragment einer Tierterrakotte,"8,32","1,51","112,45"
115,31.08.03,Hc.III.6.Ost,147,"Wagenrad, leicht beschädigt","8,33","6,06","111,23"
116,31.08.03,Hc.III.6.Ost,147,"Fragment einer fischschwanzförmigen Terrakotte, durchbohrt","8,34","5,84","11,99 (Rand); 11,91 (Boden)"
117,31.08.03,Hc.III.6.Ost,147,Fragment einer Bronzenadel,"8,35","0,85","13,39"
118,31.08.03,Hc.III.8.Ost,150,Wagenmodellfragment,"8,35","0,85","13,39"
119,31.08.03,Hc.III.7.West,109,Schnecke,"8,3","3,7","12,4"
120,31.08.03,Hc.III.6.Ost,147,Oberkörper einer weibl. Terrakotte,,"5,4","13,84"
121,31.08.03,Hc.III.6.Ost,106,Fragment eines Wagenmodells,,"5,4","13,84"
122,31.08.03,Hc.III.6.Ost,135,Wagenmodellfragment,,"1,1","12,64"
123,31.08.03,Hc.III.7.Ost,151,"Wagenrad, stark beschädigt",,,
124,31.08.03,Hc.III.7.Ost,,Bronzefragment,,,
125,31.08.03,Hd.III.8.West,139,Randfragment eines verzierten Räucherständers,,,
126,31.08.03,Hc.III.7.Ost,107,Miniaturgefäß?,,,
127,31.08.03,Hc.III.7.Ost,107,Wagenmodellfragment,,,
128,31.08.03,Hc.III.7.West,156,Körper einer Tierterrakotte,,,
129,31.08.03,Hc.III.8.Ost,150,Obsidianfragment,,,
106,30.08.03,Hc.III.7.West,109,Flintklinge,,,
107,30.08.03,Hc.III.6.Ost,147,Reibstein,,,
108,30.08.03,Hc.III.7.Ost,151,Türangelstein,,,
109,30.08.03,Hd.III.8.West,134,Bronzenadel-Fragment,,,
110,30.08.03,Hc.III.7.West,109,Hanperle,,,
111,30.08.03,Hc.III.6.Ost,147,polierter Stein,,,
112,30.08.03,Hc.III.6.Ost,135,Wagenmodellfragment,,,
113,30.08.03,Hc.III.6.Ost,147,Wagenmodellfragment,,,
102,28.08.03,Hc.III.7.Ost,107,"Muschel, beschädigt",,,
103,28.08.03,Hc.III.7.Ost,107,längliche Muschelperle,,,
104,28.08.03,Hc.III.7.Ost,107,Muschelperle,,,
105,28.08.03,Hc.III.9,086,"Wagenrad, stark zerstört",,,
095,27.08.03,Hc.III.6.Ost,135,Bronzenadel,,,
096,27.08.03,Hc.III.7.Ost,107,"Wagenmodellfragment (?), mit Ritzverzierung",,,
097,27.08.03,Hc.III.7.Ost,107,"Topf, nicht ganz vollständig",,,
098,27.08.03,Hd.III.8.West,139,"Schüssel, nicht vollständig",,,
099,27.08.03,Hd.III.8.West,139,"Miniaturtopf, vollständig",,,
100,27.08.03,Hc.III.9,086,Fragment eines Räucherständers,,,
101,27.08.03,Hc.III.6.Ost,015,Framente Wagenmodell?,,,
073,26.08.03,Hd.III.8.West,129,Napfprofil,,,
074,26.08.03,Hc.III.7.Ost,107,längliche Muschelperle,,,
075,26.08.03,Hd.III.8.West,129,Schnecke,,,
076,26.08.03,Hc.III.6.Ost,015,Bronzeklumpen,,,
077,26.08.03,Hc.III.7.Ost,107,Bronzeklumpen,,,
078,26.08.03,Hd.III.8.West,137,Scherbenprofil,,,
079,26.08.03,Hd.III.8.West,123,Terrakottenfuß,,,
080,26.08.03,Hd.III.8.West,129,"Wagenrad, Hälfte",,,
081,26.08.03,Hc.III.6.Ost,135,"Tierterrakotte, ohne Fuß und Kopf",,,
082,26.08.03,Hc.III.7.Ost,107,Tierterrakotte (Stier),,,
083,26.08.03,Hd.III.8.West,123,Terrakottenfuß,,,
084,26.08.03,Hd.III.8.West,123,"Wagenmodell, Fragment",,,
085,26.08.03,Hd.III.8.West,123,"Wagenmodell, Fragment",,,
086,26.08.03,Hd.III.8.West,123,Tonklumpen,,,
087,26.08.03,Oberflächenfund in H,,"Basalt, Reibstein",,,
088,26.08.03,Hd.III.8.West,001,Fragment eines Wagenmodells (?),,,
089,26.08.03,Hd.III.8.West,125,"Profil eines kleinen, handgemachten Napfes",,,
090,26.08.03,Hc.III.6.Ost,135,Bronzefragment,,,
091,26.08.03,Hc.III.9,068,Flintklingenfragment,,,
092,26.08.03,Hc.III.9,068,Wagenradfragment,,,
093,26.08.03,Hc.III.9,068,Deckel,,,
094,26.08.03,Hc.III.6.Ost,015,Flintklingenfragment,,,
066,25.08.03,Hc.III.7.West,109,"Wagenrad, leicht beschädigt",,,
067,25.08.03,Hc.III.6.Ost,015,Wagenradfragment,,,
068,25.08.03,Hc.III.7.West,109,"Wagenmodell, Fragment",,,
069,25.08.03,Hd.III.8.West,123,Keramikfragment mit Ritzverzierung und Durchbohrung,,,
070,25.08.03,Hd.III.8.West,123,Hälfte eines Wagenrades,,,
071,25.08.03,Hc.III.7.West,109,Unterteil (inkl. Fuß) einer anthropomorphen Terrakotte,,,
072,25.08.03,Hc.III.7.Ost,014,"komplettes Gefäß, Schale",,,
060,24.08.03,Hd.III.8.West,123,Terrakottenfuß,,,
061,24.08.03,Hc.III.7.Ost,014,gelochtes Kalkfragment,,,
062,24.08.03,Hc.III.6.Ost,015,Rasiermesser,,,
063,24.08.03,Hc.III.6.Ost,015,Kopf einer zoomorphen Terrakotte,,,
064,24.08.03,Hd.III.8.West,134,Kopf und Oberkörper einer weibl. Terrakotte,,,
065,24.08.03,Hc.III.7.West,109,Tierterrakottenfragment,,,
042,23.08.03,Hc.III.7.West,109,"Wagenrad, vollständig",,,
043,23.08.03,Hd.III.8.West,001,Wagenrad,,,
044,23.08.03,Hc.III.7.Ost,115,Bronzeperle,,,
045,23.08.03,Hc.III.7.Ost,115,"Wagenrad, stark beschädigt",,,
046,23.08.03,Hd.III.8.West,120,"Becher, vollständig",,,
047,23.08.03,Hc.III.7.Ost,115,"Schneckenperlen, z. gr. Teil durchbohrt",,,
048,23.08.03,Hc.III.7.Ost,107,längliche Muschelperle,,,
049,23.08.03,Hd.III.8.West,123,Unterteil und Fuß einer Terrakotte,,,
050,23.08.03,Hd.III.8.West,125,Muschel,,,
051,23.08.03,Hd.III.8.West,127,Gefäßprofil (Schüssel?),,,
052,23.08.03,Hd.III.8.West,001,Kopf einer weibl. Terrakotte,,,
053,23.08.03,Hd.III.8.West,125,Muschel,,,
054,23.08.03,Hc.III.7.Ost,107,längliche Muschelperle,,,
055,23.08.03,Hd.III.8.West,123,Perle,,,
056,23.08.03,Hc.III.7.West,109,Körper einer Terrakotte,,,
057,23.08.03,Hc.III.7.West,109,Kopf einer Terrakotte,,,
058,23.08.03,Hc.III.7.West,109,Schnecke,,,
059,23.08.03,Hd.III.8.West,123,Perle (eine Hälfte),,,
030,21.08.03,Hc.III.8.West,001,"Wagenrad, leicht beschädigt",,,
031,21.08.03,Hc.III.7.West,109,Schnecke,,,
032,21.08.03,,,Sammelfund (Oberkörper einer Terrakotte),,,
033,21.08.03,Hd.III.8-West,001,Fragment einer zoomorphen Terrakotte,,,
034,21.08.03,Hc.III.7.Ost,107,Flintklinge,,,
035,21.08.03,Hd.III.8.West,001,Schalenprofil,,,
036,21.08.03,Hc.III.7.West,109,Topfprofil mit Ösenhenkel und Dreiecksschraffur,,,
037,21.08.03,Hc.III.8.Ost,036,Perle,,,
038,21.08.03,Hd.III.8.West,001,Muschel,,,
039,21.08.03,Hc.III.7.West,109,Flintklingenfragment,,,
040,21.08.03,Hc.III.7.Ost,107,Flintklingenfragment,,,
041,21.08.03,Hc.III.7.West,109,Muschelperle,,,
012,20.08.03,Hc.III.9,,Fragment einer zoomorphen Terrakotte,,,
013,20.08.03,Hc.III.9,,Muschelfragment,,,
014,20.08.03,Hc.III.9,,"Perle, Fritte",,,
015,20.08.03,Hc.III.8.Ost,086,Körper einer weibl. Terrakotte (mit Ritzverzierung),,,
016,20.08.03,Hc.III.8.Ost,086,"Verschlüsse, Sammelfund",,,
017,20.08.03,Hc.III.6.Ost,106,Schneckenfragment,,,
018,20.08.03,Hc.III.8.Ost,086,Verschluss mit Abrollung?,,,
019,20.08.03,Hd.III.9,,Fritteperle,,,
020,20.08.03,Hc.III.6.Ost,108,Nadelfragment,,,
021,20.08.03,Hc.III.6.Ost,108,Bronzefragment,,,
022,20.08.03,Hc.III.7.Ost,107,Kopf und Oberkörper einer weibl. Terrakotte,,,
023,20.08.03,Hc.III.5.Ost,106,Fragment eines Wagenmodells,,,
024,20.08.03,Hc.III.5.Ost,106,ungebrannte Tongegenstände,,,
025,20.08.03,Hc.III.7.Ost,108,Wagenrad,,,
026,20.08.03,Hc.III.6.Ost,106,Deckel?,,,
027,20.08.03,Hc.III.7/Ost,107,Klinge?,,,
028,20.08.03,Hc.III.7.Ost,107,"Wagenrad, leicht beschädigt",,,
029,20.08.03,Hc.III.6.Ost,108,"Steinfragment, poliert",,,
001,19.08.03,Hc.III.8/Ost,Raum 3; 036; 055,"Wagenrad, vollständig",,,
002,19.08.03,Hc.III.8/Ost,Raum 3; 036; 055,Flintklingenfragment,,,
003,19.08.03,Hc.III.8Ost,Raum 3; 036; 055,Flintklingenfragment,,,
004,19.08.03,Hc.III.8.Ost,036; 055,Muschelperle,,,
005,19.08.03,Hc.III.8.Ost,036; 055,Perle,,,
006,19.08.03,Hc.III.8/W,001,Oberteil einer zoomorphen Terrakotte,,,
007,19.08.03,Hc.III.8.Ost,036; 055,Körper einer weiblichen Terrakotte (inkl. Fuß),,,
008,19.08.03,Hc.III.8.West,070,Bronzestück,,,
009,19.08.03,Hc.III.8.West,104,Unterteil einer Terrakotte,,,
010,19.08.03,Hc.III.8.West,104,Wagenrad,,,
011,19.08.03,Hc.III.8.West,104,Oberteil einer antropomorphen Terrakotte,,,
423,18.10.02,Hc.III.8.Ost,055,Räucherständer-Fragmente,,,
424,18.10.02,Hc.III.8.West,093,Deckelprofil,,,
425,18.10.02,Hc.III.8.West,093,Fragment einer Reiterterrakotte,,,
426,18.10.02,Hc.III.8.West,085,Fragment einer Reiterterrakotte,,,
427,18.10.02,Hc.III.8.West,085A,3 Fragmente eines Gefäßes mit Ritzverzierung,,,
428,18.10.02,Hc.III.8.West,085A,"Kopf einer Terrakotte mit ""Domfrisur""",,,
429,18.10.02,Hc.III.8.West,085A,2 Hornsteinfragmente,,,
430,18.10.02,Hc.III.8.West,085A,2 Wagenmodellfragmente,,,
421,15.10.02,Hc.III.8.Ost,094,Verschlüsse,,,
422,15.10.02,Hc.III.9,087,Napfprofil,,,
416,14.10.02,Hc.III.8.West,086A,Miniaturgefäß,,,
417,14.10.02,Hc.III.8.West,086A,Mini Stierterrakotte,,,
418,14.10.02,Hc.III.8.West,054,Verschluss mit Abrollung,,,
419,14.10.02,Hc.III.8.Ost,055,Schälchen,,,
420,14.10.02,Hc.III.8.Ost,055,Miniatur Räucherständer,,,
415,11.10.02,Hc.III.8.Ost,055,bearbeitetes Steinartefakt,,,
397,10.10.02,Hc.III.8.West,085,Körper einer weibl. Terrakotte,,,
398,10.10.02,Hc.III.6.Ost,089,"Napf, vollständig",,,
399,10.10.02,Hc.III.8.West,085A,Terrakottenfuß,,,
400,10.10.02,Hc.III.8.West,095,Wagenfragment,,,
401,10.10.02,Hc.III.8.West,085A,Terrakottenfuß,,,
402,10.10.02,Hc.III.8.West,085A,Terrakottenfuß,,,
403,10.10.02,Hc.III.8.Ost,038,Napfprofil,,,
404,10.10.02,Hc.III.9,065,Flintklingenfragment,,,
405,10.10.02,Hb.III.8,083,Flintklingenfragment,,,
406,10.10.02,Hc.III.8.West,086A,Napfprofil,,,
407,10.10.02,Hc.III.8.West,086A,Napfprofil,,,
408,10.10.02,Hc.III.8.West,086A,Gipsknauf,,,
409,10.10.02,Hc.III.8.West,086A,durchbohrtes Tonobjekt,,,
410,10.10.02,Hc.III.8.West,086A,Terrakottenfuß,,,
411,10.10.02,Hc.III.9,065,Wagenmodell-Fragment,,,
412,10.10.02,Hc.III.9,065,Muschelfragment,,,
413,10.10.02,Hc.III.9,065,Wagenradfragment,,,
414,10.10.02,Hc.III.9,065,Napfprofil,,,
387,09.10.02,Hc.III.8.West,021A,Wagenmodell-Fragm.,,,
388,09.10.02,Hc.III.6.Ost,089,Wagenradfragment,,,
389,09.10.02,Hc.III.8.Ost,085B,"Torso, Tierterrakotte",,,
390,09.10.02,Hc.III.8.West,092,Bronzenadel mit flachem Kopf,,,
391,09.10.02,Hc.III.8.West,092,Terrakottenfüße,,,
392,09.10.02,Hc.III.8.Ost,055,Steingerät,,,
393,09.10.02,Hc.III.8.Ost,093,Bronzeklumpen,,,
394,09.10.02,Hc.III.8.West,093,3 Fragmente: Siegelabrollung und Verschlüsse,,,
395,09.10.02,Hc.III.8.West,085A,Tonfragment,,,
396,09.10.02,Hc.III.8.West,093,Wagenrad,,,
367,08.10.02,Hc.III.8.West,086,Kopf Pferdeterrakotte,,,
368,08.10.02,Hc.III.8.West,086,Perle,,,
369,08.10.02,Hc.III.8.West,086,Fragm. Steinring,,,
370,08.10.02,Hc.III.9,065,Fragm. Wagenrad,,,
371,08.10.02,Hc.III.8.West,090,Terrakotte ohne Kopf,,,
372,08.10.02,Hc.III.9,065,Flintklingenfragment,,,
373,08.10.02,Hc.III.6.Ost,015B,Räucherständerfragment,,,
374,08.10.02,Hc.III.8.Ost,086B,Wagenrad,,,
375,08.10.02,Hc.III.8.West,085A,Kopf weibl. Terrakotte,,,
Lfd. Nr.,Datum,Areal,Fundstelle,Beschreibung,X,Y,Z
376,08.10.02,Hc.III.8.West,041,Wagen/Hausmodellfragm.,"8,3","0,3","107,63"
377,08.10.02,Hc.III.8.West,041,Flintklingenfragment,"8,5","0,3",
378,08.10.02,Hc.III.8.West,041,Flintklingenfragment,"9,1","0,5","14,48"
379,08.10.02,Hc.III.6.Ost,089,Torso weibl. Terrakotte,"9,22","0,55","112,96"
380,08.10.02,Hc.III.6.Ost,089,Tierterrakotte ?,"8,56","0,85","112,82"
381,08.10.02,Hc.III.9,065,Schüsselprofil,"8,35","0,85","13,39"
382,08.10.02,Hc.III.6.Ost,043,Flintgerät,"8,35","0,85","13,39"
383,08.10.02,Hc.III.6.Ost,043,Steingerät,"8,5","0,95","110,32"
384,08.10.02,Hc.III.8.West,086,ca. 30 Verschlussfragm.,"8,9","0,95","12,88"
385,08.10.02,Hc.III.6.Ost,089,Terrakottafuß,"8,9","1,05","13,42"
386,08.10.02,Hc.III.6.Ost,052,Flintfragm.,"8,9","1,05","13,42"
366,07.10.02,Hc.III.8.West,081,Wagenschild,,"1,1","12,64"
328,06.10.02,Hc.III.8.West,061,Verschluss mit Siegelung,"9,20","1,40","112,93"
329,06.10.02,Hc.III.8.West,084,Perle,"9,86","1,44","113,44"
330,06.10.02,Hc.III.8.West,084,Fuß einer Terrakotte,"8,32","1,51","112,45"
331,06.10.02,Hc.III.8.West,086,Kopf einer Terrakotte,"8,3","1,65","12,86"
332,06.10.02,Hc.III.8.West,086,Wagenradfragment,"8,35","1,68","109,43"
333,06.10.02,Hc.III.8.West,086,2 Bronzeklumpen,"8,66","1,7","109,93"
334,06.10.02,Hc.III.8.West,041,Schüsselprofil,"8,5","1,8","13,65"
335,06.10.02,Hc.III.9,065,Deckel,"8,96","1,91","109,91"
336,06.10.02,Hc.III.8.West,056,Wagenmodell Fragment,"8,38","1,94","12,84"
337,06.10.02,Hc.III.8.West,021,Schüsselprofil,"8,48","1,96","12,84"
338,06.10.02,Hc.III.8.West,021,Schüsselprofil,"9,92","1,98","112,90"
339,06.10.02,Hb.III.9,047,Siegelabrollung,"8,43","1,98","12,83"
340,06.10.02,Hb.III.9,047,Stierterrakotte,"8,8",2,"13,45"
341,06.10.02,Hb.III.9,047,weibliche Terrakotte,"8,8",2,"13,45"
342,06.10.02,Hc.III.6.Ost,076,Terrakottenfuß,"8,8","2,1","12,99"
343,06.10.02,Hc.III.9,065,Doppelgefäß-Fragment,"8,6","2,2","107,13"
344,06.10.02,Hc.III.8.West,086,Veschluss mit Siegelung,"9,27","2,24","112,11"
345,06.10.02,Hc.III.9,065,Terrakottenfuß,"8,55","2,27","12,8"
346,06.10.02,Hc.III.6.Ost,052,weibl. Terrakotte - Torso,"9,2","2,3","13,02"
347,06.10.02,Hc.III.6.Ost,052,Tonobjekt,"9,66","2,35","110,66"
348,06.10.02,Hc.III.8.Ost,001,Wagenradfragment,"8,3","2,4","110,19"
349,06.10.02,Hc.III.8.West,086,Wagenradfragment,"8,87","2,42","110,28"
350,06.10.02,Hc.III.9,087,Wagenrad,"9,83","2,47","110,51"
351,06.10.02,Hc.III.8.West,086,Körper einer weibl. Terrakotte,"9,47","2,56","112,74"
352,06.10.02,Hc.III.8.West,086,Terrakottenfuß (modelliert),"8,90","2,80","112,53"
353,06.10.02,Hc.III.8.West,086,Wagenrad,"9,13","2,95","112,62"
354,06.10.02,Hc.III.8.West,086,Vogelterrakotte,"8,5",3,
355,06.10.02,Hc.III.8.West,030,Kopf einer Tierterrakotte,9,"3,15","13,83"
356,06.10.02,Hc.III.9.Ost,032,Wagenmodell-Fragment,9,"3,15","13,83"
357,06.10.02,Hc.III.9.Ost,032,2 Fragmente einer Flintklinge,"8,75","3,2","12,55"
358,06.10.02,Hb.III.9.Ost,046,Räucherständer-Fragment,"9,16","3,22","8,47"
359,06.10.02,Hb.III.9.Ost,046,Räucherständer-Fragment,"9,5","3,5","107,09"
360,06.10.02,Hc.III.9,080,Wagenmodellfragment,"8,65","3,51","112,90"
361,06.10.02,Hc.III.9,080,Wagenmodellfragment,"9,52","3,52","111,64"
362,06.10.02,Hc.III.9,080,Wagenfragment,"9,52","3,52","111,64"
363,06.10.02,Hc.III.9,080,Wagenfragment,"9,12","3,65","111,65"
364,06.10.02,Hc.III.9,080,Flintgerät,"8,3","3,7","12,4"
365,06.10.02,Hc.III.9,080,Schüsselprofil,"9,05","3,73","113,26"
307,03.10.02,Hc.III.8.West,061,"32 Fragmente, mehrere Verschlüsse","9,49","3,79","108,93"
308,03.10.02,Hb.III.9,047,4 Verschluß-Fragmente,"9,1","3,8","12,92"
309,03.10.02,Hb.III.8,083,Fragment eines Wagenmodells,"9,5","4,05","12,33"
310,03.10.02,Hc.III.9,065,Wagenrad,"8,55","4,25","114,03"
311,03.10.02,Hc.III.8.West,070,2 Fragmente eines Räucherständers,"9,56","4,32","112,66"
312,03.10.02,Hc.III.8.West,070,Flintfragment,"9,05","4,37","113,37"
313,03.10.02,Hc.III.9,065,Armschmuck,"8,90","4,38","113,67"
314,03.10.02,Hc.III.8.West,064,Fragment eines Wagenmodells,"9,56","4,43","112,50"
315,03.10.02,Hc.III.8.West,064,Napfprofil,"9,2","4,5","7,11"
316,03.10.02,Hc.III.8.West,064,Schüsselprofil,"8,58","4,59","112,47"
317,03.10.02,Hc.III.8.West,065,poliertes Steingerät,"8,7","4,65","10,7"
318,03.10.02,Hc.III.8.West,065,Schüsselprofil,"8,45","4,69","112,60"
319,03.10.02,Hb.III.9,047,Terrakottenkörper,"8,5","4,7","9,52"
320,03.10.02,Hc.III.9,079,Terrakottenfragment,"8,30","4,78","112,57"
321,03.10.02,Hc.III.9,065,Bronzeklumpen,"8,8","4,9","12,75"
322,03.10.02,Hc.III.9,065,Wagenrad,"8,6","4,9","11,65"
323,03.10.02,Hc.III.9,065,Wagenmodell-Fragment,"8,6","4,9","11,65"
324,03.10.02,Hc.III.5.Ost,025,Fragment eines Wagenmodells,"8,6","4,9","11,65"
325,03.10.02,Hc.III.5.Ost,025,Miniatur Räucherständerfragment,"8,6","4,9","11,65"
326,03.10.02,Hc.III.5.Ost,025,Räucherständerfragment,"8,6","4,9","11,65"
327,03.10.02,Hc.III.5.Ost,025,2 Fragmente eines Räucherständers,"8,6","4,9","11,65"
297,02.10.02,Hc.III.9,061,2 Fragmente eines Wagenmodells,"8,7","4,9","9,56"
298,02.10.02,Hc.III.9,061,Räucherständer-Fragment mit geritzten Dreiecken und Kreisen verziert,"9,4",5,"11,82"
299,02.10.02,Hc.III.9,065,Verschluß? Mit Fingerabdrücken,"9,65","5,1","111,4"
300,02.10.02,Hc.III.9,065,Perle?,"9,40","5,15","110,75"
301,02.10.02,Hc.III.8.West,081,Wagenrad-Fragment,"9,05","5,18","112,42"
302,02.10.02,Hc.III.8.West,081,Terrakottenfuß,"9,76","5,37","111,05"
303,02.10.02,Hc.III.8.West,081,Wagen-/Hausmodell,"9,25","5,37","9,02"
304,02.10.02,Hc.III.8.West,012,Miniatur Wagenmodell-Fragment,,"5,4","13,84"
305,02.10.02,Hc.III.9,082,6 Fragmente eines Wagenrads,,"5,4","13,84"
306,02.10.02,Hc.III.8.West,081,Terrakottenfuß,"8,65","5,4","8,97"
286,01.10.02,Hc.III.9,079,"7 Muschelfragm., 3 durchbohrt","9,80","5,42","113,44"
287,01.10.02,Hc.III.9,065,Flintklingenfragment,"8,5","5,5","12,82"
288,01.10.02,Hc.III.9,065,Türverschluss mit Siegelung,"8,90","5,58","112,38"
289,01.10.02,Hc.III.9,065,rundes Gipsobjekt mit knaufiger Applikation,"8,49","5,58","111,18"
290,01.10.02,Hc.III.9,065,Fragm. Wagenmodell,"8,87","5,70","112,37"
291,01.10.02,Hc.III.9,065,2 Fragm. Wagenmodell,"8,87","5,70","112,37"
292,01.10.02,Hc.III.9,065,Fragm. Wagenmodell,"9,63","5,73","112,68"
293,01.10.02,Hc.III.9,010,5 Fragm. Wagenmodell,9,"5,75","13,24"
294,01.10.02,Hc.III.9,065,Fragm. Tierterrakotte,"8,6","5,8","13,5"
295,01.10.02,Hc.III.9,065,"Terrakotte mit Bart, hält etwas in Hand","8,6","5,8","13,5"
296,01.10.02,Hc.III.9,065,Tierterrakotte mit ausgeprägtem Genitalbereich,"8,34","5,84","11,99 (Rand); 11,91 (Boden)"
276,30.09.02,Hc.III.8.West,041,"7 Gipsstückchen, 5 durchbohrt","8,80","5,85","112,52"
277,30.09.02,Hc.III.6.Ost,076,Miniaturgefäß mit 3 Beinen,"8,80","5,85","112,52"
278,30.09.02,Hc.III.9,065,"Torso, weibl. Terrakotte","9,8","5,85",111
279,30.09.02,Hc.III.9,065,Fragm. Wagenmodell,"8,42","5,97","11,91"
280,30.09.02,Hc.III.9,065,Nadelfragment,"8,55","6,00","113,44"
281,30.09.02,Hc.III.9,065,Torso Terrakotte mit Kind,"8,97",6,"111,39"
282,30.09.02,Hc.III.9,065,Tierterrakotte,"9,3",6,"12,7"
283,30.09.02,Hc.III.8.West,061,Nadel,"8,33","6,06","111,23"
284,30.09.02,Hc.III.8.West,070,Fragm. Flintklinge,"66,81","6,08","112,80"
285,30.09.02,Hc.III.8.West,070,Reibsteinfragment,"9,53","6,17","110,83"
271,29.09.02,Hc.III.7.West,001C,Napfprofil,"8,4","6,2","12,6"
272,29.09.02,Hc.III.9.Ost,027,Hornsteinklinge,"8,55","6,25","11,98"
273,29.09.02,Hc.III.9.Ost,027,Terrakottenfuß,"9,99","6,60","112,51"
274,29.09.02,Hc.III.9,032,Fragm. Räucherständer,"9,99","6,60","112,51"
275,29.09.02,Hc.III.9,018,bearbeitete Keramikscherbe,"9,80","6,62","112,59"
251,28.09.02,Hc.III.8.West,013,Schüssel,"9,80","6,62","112,59"
252,28.09.02,Hc.III.8.West,070,Wagenradmodell,"9,80","6,62","112,59"
250,28.09.02,Hc.III.8.Ost,069,Reibstein,"9,80","6,62","112,59"
253,28.09.02,Hc.III.8.West,070,"Türangelstein, Basalt","8,66","6,65","108,77"
249,28.09.02,Hc.III.8.Ost,069,"Räucherständerfragment, geritzt","9,28","6,67","111,72"
254,28.09.02,Hc.III.8.West,013,Reibstein,"8,62","6,7","11,07"
257,28.09.02,Hc.III.8.West,013,"Reibsteinfragment, Basalt","8,62","6,7","11,07"
259,28.09.02,Hc.III.8.West,061,Schüssel,"8,62","6,7","11,07"
258,28.09.02,Hc.III.8.West,070,"Reibsteinfragment, Basalt","8,62","6,7","11,07"
255,28.09.02,Hc.III.8.West,013,Tonplakette mit Kreisapplikationen,"8,56","6,9","112,07"
256,28.09.02,Hc.III.8.West,013,"Reibsteinfragment, Basalt","8,78","6,95","112,1"
236,28.09.02,Hc.III.8.West,070,Körper einer weibl. Terrakotte,"8,76","7,06","113,46"
237,28.09.02,Hc.III.8.West,070,Schüsselprofil,"9,3","7,1","106,84"
238,28.09.02,Hc.III.8.West,070,Napf,"9,3","7,1","11,98"
239,28.09.02,Hc.III.8.West,070,Napf,"8,7","7,2","13,52"
240,28.09.02,Hc.III.8.West,070,Napf,"8,74","7,25","111,34"
241,28.09.02,Hc.III.8.Ost,069,Schüsselprofil,"9,05","7,3","13,05"
242,28.09.02,Hc.III.8.Ost,069,Durchbohrte Muschel,"8,8","7,3","12,97"
243,28.09.02,Hc.III.5.Ost,058,"Reibstein, Basalt","8,42","7,35","111,63"
244,28.09.02,Hc.III.5.Ost,058,4 Fragmente einer runden Gipsplatte,"8,55","7,35","108,28"
245,28.09.02,Hc.III.8.West,013,Schüssel,"8,85","7,44","112,20"
246,28.09.02,Hc.III.8.West,013,Napf,"8,67","7,50","112,73"
247,28.09.02,Hc.III.8.West,013,Schüssel,"8,67","7,50","112,73"
248,28.09.02,Hc.III.8.West,013,Napf,9,"7,55","11,73"
260,28.09.02,Hc.III.9,065,Tonverschluss mit Siegelabrollung,"9,36","7,56","112,03"
261,28.09.02,Hc.III.9,065,Hinterteil einer Tierterrakotte,"9,3","7,6","12,25"
262,28.09.02,Hc.III.8.West,070,Tierterrakotte,"9,3","7,6","12,25"
263,28.09.02,Hc.III.9,065,Vogelterrakotte,"9,91","7,77","112,52"
232,26.09.02,Hc.III.8.West,064,Türverschluss (?) mit Siegelabrollung,"9,05","7,80","112,80"
233,26.09.02,Hc.III.8.West,064,Gefäßverschluss mit Siegelabrollung,"9,2","7,8","12,43"
234,26.09.02,Hc.III.7.West,002C,Fragment eines Wagenmodells?,"8,95","7,95","11,99"
235,26.09.02,Hc.III.9,065,Tierterrakotte,"8,95","7,95","11,99"
227,25.09.02,Hc.III.8.West,057,23 ungebrannte Ton- und Terrakottafragmente,"9,42","8,01","113,69"
231,25.09.02,Hc.III.8.West,057,Fragm. Wagenrad,"8,6","8,05","12,78"
230,25.09.02,Hc.III.9,061,Verschluss mit Siegelung,"9,12","8,05","12,09"
226,25.09.02,Hc.III.8.West,057,Tonklumpen mit Fingerabdruck,"8,9","8,05","12,01"
229,25.09.02,Hc.III.8.West,061,Verschluss,"8,68","8,06","8,91"
228,25.09.02,Hc.III.8.West,060,Spielstein + Bronzefragment,"9,05","8,08","12,01"
222,24.09.02,Hc.III.8.West,041,Terrakottenfuß,"9,05","8,08","12,01"
225,24.09.02,Hc.III.8.West,057,Fragm. Ungebrannter Ton (Rand?),"9,05","8,15","11,99"
224,24.09.02,Hc.III.8.West,056,Torso weibl. Terrakotte,"9,05","8,15","11,99"
208,24.09.02,Hc.III.8.West,040,Hämatit?,"9,66","8,17","109,78"
213,24.09.02,Hc.III.8.Ost,003B,smeared-wash Ware,"9,66","8,17","109,78"
223,24.09.02,Hc.III.8.West,054,5 ungebrannte Terrakottafragmente,"9,2","8,18","12,08"
215,24.09.02,Hc.III.9,053,Perle (Muschel),"9,05","8,18",12
219,24.09.02,Hc.III.8.West,056,Muschelfragm. Durchbohrt,"9,05","8,18",12
220,24.09.02,Hc.III.8.West,054,Fragm. Wagenrad,"8,39","8,20","112,65"
221,24.09.02,Hc.III.9,053,Verschlussfragment,"9,38","8,2","12,04"
217,24.09.02,Hc.III.9,053,Tonfragment (Verschluss),"9,38","8,2","12,04"
209,24.09.02,Hc.III.8.West,040,Kopf einer weibl. Terrakotte,"9,32","8,2","12,03"
214,24.09.02,Hc.III.8.Ost,003B,smeared-wash Ware,"9,32","8,2","12,03"
218,24.09.02,Hc.III.8.West,056,Kopf weibl. Terrakotte,"9,45","8,2","12,02"
212,24.09.02,Hc.III.8.Ost,003B,smeared-wash Ware,"9,05","8,22",12
216,24.09.02,Hc.III.9,053,Torso weibl. Terrakotte,"9,05","8,22",12
207,24.09.02,Hc.III.8.West,040,Fragm. Wagenrad,"9,48","8,25","12,01"
210,24.09.02,Hc.III.8.West,040,Fragm. Wagenrad,"9,05","8,25","11,97"
211,24.09.02,Hc.III.8.Ost,028,smeared-wash Ware,"9,05","8,25","11,97"
265,23.09.02,Hc.III.8.West,033,Muschel,"9,42","8,28","12,13"
266,23.09.02,Hc.III.8.West,033,Profil eines Miniaturgefäßes,"8,80","8,29","113,31"
264,23.09.02,Hc.III.8.West,039,"Randfragment eines Beckens?, Ton","8,80","8,29","113,31"
269,23.09.02,Hc.III.8.West,033,Doppelt gelochtes Gipsfragment,"9,05","8,3","11,96"
203,23.09.02,Hc.III.6.Ost,050,Torso weibl. Terrakotte,"9,05","8,3","11,96"
204,23.09.02,Hc.III.8.Ost,051,Hämatitklumpen,"8,93","8,33","112,55"
206,23.09.02,Hc.III.8.West,?,2 Muschelfragmente (bearbeitet),"8,93","8,33","112,55"
267,23.09.02,Hc.III.8.West,033,Fragment eines Wagenmodells,"9,5","8,34","12,1"
205,23.09.02,Hc.III.8.Ost,051,Flasche,"9,25","8,35","12,03"
268,23.09.02,Hc.III.8.West,033,Fragment eines Wandknaufs (?),"9,77","8,37","112,38"
270,23.09.02,Hc.III.8.West,033,2 Fragmente eines Räucherständers,"9,28","8,43","12,08"
202,22.09.02,Hc.III.7.West,049,Fragm. Wagenrad,"8,96","8,45","114,00"
200,22.09.02,Hc.III.8.Ost,038,Muschel,"9,38","8,45","12,16"
201,22.09.02,Hc.III.8.Ost,038,Perle aus Muschel,"9,15","8,5","12,13"
198,22.09.02,Hb.III.9,046,Bronzenadel mit Spiralkopf,"9,25","8,55","109,35"
194,22.09.02,Hb.III.9,018,Muschelfragm. (bearbeitet?),"8,4","8,55","11,22"
196,22.09.02,Hc.III.8.Ost,033,Terrakottenfuß,"9,28","8,57","12,14"
197,22.09.02,Hc.III.8.Ost,045,"2 Fragm. Räucherständer, Baum + Kreis verziert","9,52","8,6","112,28"
199,22.09.02,Hb.III.9,046,gesiegelter Verschluss (jagende Gestalt?),"8,94","8,6","108,38"
195,22.09.02,Hc.III.7.West,002C,Muschel (durchbohrt),"9,47","8,6","12,1"
185,21.09.02,Hb.III.8,040B,Muschel,"8,35","8,8","108,19"
187,21.09.02,Hc.III.8.Ost,038,Muschelfragm. Nicht durchbohrt,"9,57","8,83","113,28"
188,21.09.02,Hc.III.9.Ost,032,Fragm. Steingerät,"9,03","8,94","113,24"
189,21.09.02,Hc.III.9.Ost,032,Wagenrad,"9,56","8,94","113,24"
190,21.09.02,Hc.III.9.Ost,032,Fragm. Terrakotte,"8,7","8,95","108,29"
186,21.09.02,Hc.III.6.Ost,043,Fragm. Wagenrad,"8,70","8,97","111,84"
191,21.09.02,Hc.III.9.Ost,032,Bronzefragment,"14,97","9,02","113,3"
184,21.09.02,Hc.III.8.West,042,Wagenrad,"8,55","9,2","108,21"
192,21.09.02,Hc.III.8.Ost,033,Schüsselprofil,"9,44","9,29","112,67"
193,21.09.02,Hc.III.8.Ost,033,Kopf einer Tierterrakotte,"9,18","9,30","113,23"
177,19.09.02,Hc.III.8.Ost,002B,Fragm. Rundes Tonobjekt,"9,3","9,4","111,41"
178,19.09.02,Hc.III.5.Ost,001F,"Profil eines Gefäßes (Schüssel?), handgemacht","9,46","9,50","112,52"
173,19.09.02,Hb.III.8.Ost,039B,Durchlochtes Verputz-Fragment,"8,42","9,64","113,00"
182,19.09.02,Hc.III.6.Ost,007B,"Bodenfragm. Weiß, porös, Kalkstein / Gips?","8,8","9,76","112,71"
183,19.09.02,Hb.III.8,040B,Fragm. Tierterrakotte,"8,4","9,88","112,14"
174,19.09.02,Hb.III.8.Ost,039B,Durchlochtes Gips-Fragment,"8,77","9,96","113,35"
179,19.09.02,Hc.III.8.Ost,028,Fragm. Räucherständer,"134,64","356,20","113,88"
180,19.09.02,Hc.III.6.Ost,007B,Deckelfragment,"1121,39","362,90","112,33"
176,19.09.02,Hc.III.8.Ost,040,Bronzenadel-Fragment,"1121,99","364,50","113,03"
175,19.09.02,Hc.III.6.Ost,015,T-förmiges Gipsfragment,"1121,98","368,10","113,48"
169,19.09.02,Hc.III.8.West,037,Kopf einer weibl. Terrakotte,"1121,31","368,70","113,58"
171,19.09.02,Hb.III.8.Ost,039B,Tierterrakottenfragment,"1122,23","372,99","113,75"
172,19.09.02,Hb.III.8.Ost,039B,Wagenmodell-Fragment,"1122,23","372,99","113,75"
170,19.09.02,Hc.III.9,032,Deckel,"120,96","373,15","113,84"
181,19.09.02,Hc.III.6.Ost,007B,Fragm. Terrakottenfuß,"1120,46","373,25","113,91"
163,18.09.02,Hc.III.5.Ost,007,Fragm. Wagenmodell,"1121,29","373,40","113,89"
161,18.09.02,Hc.III.5.Ost,026,Bronzefragment,"1122,00","373,77","113,76"
164,18.09.02,Hc.III.8.West,030,Fragm. Wagenmodell,"1120,65","374,60","113,62"
168,18.09.02,Hc.III.8.West,030,Tonperle,"1120,30","374,70","114,40"
166,18.09.02,Hc.III.8.Ost,028,3 Fragm. Muschel,"1120,30","374,70","114,40"
162,18.09.02,Hc.III.8.West,030,Fragm. Wagenrad,"1121,33","375,15","114,07"
167,18.09.02,Hc.III.9,010,Fragm. Wagenmodell,"1120,93","376,25","113,98"
165,18.09.02,Hc.III.6.Ost,007B,Widderkopf? Terrakotte,"1122,72","376,30","114,15"
156,17.09.02,Hc.III.8.West,003,Deckelfragment,"1121,19","376,42","114,03"
159,17.09.02,Hc.III.7.West,001,Fragm. Räucherständer,"1121,17","376,65","113,06"
154,17.09.02,Hc.III.8.West,021,Terrakottenfuß mit Unterteil des Torso,"1122,95","376,82","114,16"
155,17.09.02,Hc.III.7.West,001,"Fehlbrand, 4 Gefäße","1123,11","376,98","114,17"
160,17.09.02,Hc.III.8.West,030,Bronzenadel-Fragment,"1112,48","386,31","112,95"
158,17.09.02,Hc.III.8.Ost,028,Arbeitsgerät (Stein),"1122,45",360.7,"113,58"
157,17.09.02,Hc.III.8.West,030,Terrakottenfuß,"8,75",,"113,19"
150,16.09.02,Hc.III.9.Ost,027,Terrakottenfuß,9,,
143,16.09.02,Hc.III.8.Ost,021,Körper weibl. Terrakotte,"9,28","8,57","12,14"
140,16.09.02,Hc.III.9.Ost,027,Torso weibl. Terrakotte (passt 141),"9,25","8,55","109,35"
142,16.09.02,Hc.III.7.West,001,Bronzefragment,"9,28","8,43","12,08"
138,16.09.02,Hc.III.8.Ost,021,Terrakottenfuß,"9,25","8,35","12,03"
151,16.09.02,Hc.III.8.Ost,021,"Vogelterrakotte, Fragment","9,32","8,2","12,03"
152,16.09.02,Hc.III.8.West,021,Muschel-Perle,"9,32","8,2","12,03"
145,16.09.02,Hc.III.8.West,021,Wagenradfragment (5 ((??))),"9,3","7,6","12,25"
146,16.09.02,Hc.III.8.West,021,3 Fragmente Tierterrakotte,"9,3","7,6","12,25"
153,16.09.02,Hc.III.8.West,021,Terrakottenfuß,"9,36","7,56","112,03"
147,16.09.02,Hc.III.8.West,021,Terrakottafragment,"9,3","7,1","11,98"
149,16.09.02,Hc.III.9.Ost,027,Deckel,"9,3","7,1","106,84"
144,16.09.02,Hc.III.8.West,021,Terrakotte weibl. Ohne Kopf,"9,28","6,67","111,72"
148,16.09.02,Hc.III.9.Ost,027,Terrakottenfuß,"9,3",6,"12,7"
139,16.09.02,Hc.III.9.Ost,027,Radfragment,"9,25","5,37","9,02"
141,16.09.02,Hc.III.9.Ost,027,Kopf weibl. Terrakotte (passt 140),"9,27","2,24","112,11"
137,16.09.02,Hc.III.6.Ost,001,Arbeitsstein,"9,22","0,55","112,96"
131,15.09.02,Hc.III.8.Ost,021,Torso weibl. Terrakotte,"9,18","9,30","113,23"
129,15.09.02,Hc.III.8.West,021,Fragm. Wagenrad,"9,15","8,5","12,13"
134,15.09.02,Hc.III.5.Ost,001,Arbeitsstein,"9,2","8,18","12,08"
126,15.09.02,Hc.III.8.West,021,Torso Toerterrakotte (Schaf),"9,12","8,05","12,09"
133,15.09.02,Hc.III.8.Ost,002,Tonohrring?,"9,2","7,8","12,43"
135,15.09.02,Hc.III.8.West,021,Wagenmodell,"9,2","4,5","7,11"
125,15.09.02,Hc.III.8.West,021,Wagenrad,"9,1","3,8","12,92"
127,15.09.02,Hc.III.8.Ost,003,Deckel,"9,12","3,65","111,65"
130,15.09.02,Hc.III.8.West,021,bearbeitete Knochen (2),"9,16","3,22","8,47"
128,15.09.02,Hc.III.7.West,001,Perle,"9,13","2,95","112,62"
132,15.09.02,Hc.III.8.Ost,021,Torso + Kopf weibl. Terrakotte,"9,2","2,3","13,02"
136,15.09.02,Hc.III.8.Ost,021,Terrakottenfuß,"9,20","1,40","112,93"
115,14.09.02,Hc.III.5.Ost,?,Fragment Flintklinge,"9,05","8,18",12
116,14.09.02,Hc.III.8.Ost,003,Wagenrad,"9,05","8,15","11,99"
117,14.09.02,Hc.III.8.Ost,002,Terrakottenbein (späte Datierung),"9,05","8,15","11,99"
118,14.09.02,Hc.III.8.West,021,durchbohrte Schnecke,"9,05","8,08","12,01"
119,14.09.02,Hc.III.9,010,Terrakottenfuß,"9,05","8,08","12,01"
123,14.09.02,Hc.III.9,010,Fragm. Rundes Tonobjekt,"9,05","7,80","112,80"
120,14.09.02,Hc.III.9,010,Napfprofil,"9,05","5,18","112,42"
121,14.09.02,Hc.III.9,010,Schüsselprofil,"9,05","4,37","113,37"
122,14.09.02,Hc.III.8.West,021,Fragm. Wagenrad,"9,05","3,73","113,26"
124,14.09.02,Hc.III.8.West,021,Tonverschluss?,"9,1","0,5","14,48"
106,12.09.02,Hc.III.8.Ost,002,Schüsselprofil,"9,03","8,94","113,24"
098,12.09.02,Hb.III.9,018,Fragm. Wagenmodell?,"8,96","8,45","114,00"
108,12.09.02,Hc.III.8.Ost,002,Schafsterrakotte,"9,05","8,3","11,96"
109,12.09.02,Hc.III.8.West,021,Körper einer weibl. Terrakotte,"9,05","8,3","11,96"
110,12.09.02,Hc.III.8.Ost,003,Fragm. Terrakotte Pferdekopf,"9,05","8,25","11,97"
111,12.09.02,Hc.III.8.Ost,003,Flintklingenfragment,"9,05","8,25","11,97"
112,12.09.02,Hc.III.8.Ost,003,Durchbohrtes Muschelfragment,"9,05","8,22",12
113,12.09.02,Hc.III.8.West,021,Torso weibl. Terrakotte mit Kreisverzierungen,"9,05","8,22",12
114,12.09.02,Hc.III.5.Ost,001,Torso weibl. Terrakotte,"9,05","8,18",12
101,12.09.02,Hc.III.8.Ost,003,Fragm. Wagenrad,9,"7,55","11,73"
107,12.09.02,Hc.III.8.Ost,002,Wagenrad,"9,05","7,3","13,05"
100,12.09.02,Hc.III.8.West,003,Körper einer weibl. Terrakotte,"8,97",6,"111,39"
102,12.09.02,Hc.III.8.Ost,003,Terrakottenfuß,9,"5,75","13,24"
104,12.09.02,Hc.III.8.Ost,001,Wagenrad,9,"3,15","13,83"
105,12.09.02,Hc.III.5.Ost,001,kleine Flasche (leicht beschädigt),9,"3,15","13,83"
099,12.09.02,Hc.III.8.West,003,Terrakottakopf,"8,96","1,91","109,91"
103,12.09.02,Hb.III.9,018,Wagenrad,9,,
095,11.09.02,Hc.III.8.Ost,001,Perle,"8,94","8,6","108,38"
093,11.09.02,Hc.III.8.West,003,Wagenrad,"8,93","8,33","112,55"
094,11.09.02,Hc.III.8.West,003,Wagenrad-Fragment,"8,93","8,33","112,55"
088,11.09.02,Hc.III.8.West,003,Fragment eines Räucherständers?,"8,9","8,05","12,01"
096,11.09.02,Hc.III.5.Ost,001,,"8,95","7,95","11,99"
097,11.09.02,Hc.III.8.West,001,Flintklinge,"8,95","7,95","11,99"
085,11.09.02,Hc.III.8.Ost,001,Terrakotte (anthropomorph),"8,87","5,70","112,37"
090,11.09.02,Hc.III.8.West,003,Muschel-Fragment,"8,90","5,58","112,38"
091,11.09.02,Hc.III.8.West,003,Terrakottenfragment (Vogel?),"8,90","4,38","113,67"
092,11.09.02,Hc.III.8.Ost,001,weibl. Terrakotte,"8,90","2,80","112,53"
086,11.09.02,Hc.III.8.Ost,001,Terrakottenfragment Torso,"8,9","1,05","13,42"
087,11.09.02,Hc.III.8.Ost,001,Muschel/Schnecke ohne Durchbohrung,"8,9","1,05","13,42"
089,11.09.02,Hc.III.8.West,003,Wagenrad-Fragment,"8,9","0,95","12,88"
070,10.09.02,Hc.III.6.Ost,001,Fragment eines Wagenmodells?,"8,77","9,96","113,35"
081,10.09.02,Hc.III.8.Ost,001,Fragment einer Tierterrakotte,"8,8","9,76","112,71"
079,10.09.02,Hc.III.8.Ost,001,Wagenrad,"8,80","8,29","113,31"
080,10.09.02,Hc.III.8.West,003,Wagenrad,"8,80","8,29","113,31"
082,10.09.02,Hc.III.8.Ost,001,Wagenrad,"8,85","7,44","112,20"
072,10.09.02,Hc.III.8.West,003,Tonklumpen (Verschlüsse?),"8,8","7,3","12,97"
071,10.09.02,Hc.III.8.West,003,Terrakottenfuß,"8,78","6,95","112,1"
077,10.09.02,Hb.III.9,018,Wagenmodell-Rad,"8,80","5,85","112,52"
078,10.09.02,Hb.III.9,018,Fragment eines Verschlusses,"8,80","5,85","112,52"
084,10.09.02,Hc.III.8.West,003,Terrakottenfuß,"8,87","5,70","112,37"
073,10.09.02,Hb.III.9,018,gesiegelter Tonverschluss,"8,8","4,9","12,75"
083,10.09.02,Hb.III.9,018,Fragment einer weibl. Terrakotte,"8,87","2,42","110,28"
076,10.09.02,Hc.III.8.West,003,Tonklumpen (Verschlüsse?),"8,8","2,1","12,99"
074,10.09.02,Hc.III.8.West,003,"Meeresmuschel, verbrannt","8,8",2,"13,45"
075,10.09.02,Hc.III.8.West,003,Kopf einer weibl. Terrakotte,"8,8",2,"13,45"
065,09.09.02,Hc.III.8.West,001,Terrakottenfuß,"8,70","8,97","111,84"
064,09.09.02,Hc.III.8.West,001,Räucherständerfragment,"8,7","8,95","108,29"
066,09.09.02,Hd.III.6.West,017,Bronzefragment,"8,74","7,25","111,34"
069,09.09.02,Hc.III.7.West,001,Kopf einer weibl. Terrakotte,"8,76","7,06","113,46"
067,09.09.02,Hc.III.8.West,003,Deckel,"8,75","3,2","12,55"
068,09.09.02,Hc.III.6.Ost,001,Tonobjekt mit Applikation,"8,75",,"113,19"
060,08.09.02,Hc.III.8.West,003,Körper einer Stierterrakotte,"8,68","8,06","8,91"
046,08.09.02,Hc.III.7.West,001,Fragment einer Tierterrakotte,"8,6","8,05","12,78"
058,08.09.02,Hc.III.8.West,003,Fragment einer Flintklinge,"8,67","7,50","112,73"
059,08.09.02,Hc.III.8.West,003,Kopf einer weibl. Terrakotte,"8,67","7,50","112,73"
062,08.09.02,Hc.III.7.West,001,Wagenmodell-Rad,"8,7","7,2","13,52"
050,08.09.02,Hc.III.7.West,001,Terrakottenfuß,"8,62","6,7","11,07"
051,08.09.02,Hc.III.7.West,001,Fragment einer Flintklinge,"8,62","6,7","11,07"
052,08.09.02,Hc.III.8.West,003,Muschel-Fragment,"8,62","6,7","11,07"
053,08.09.02,Hc.III.9,010,Bronzenadel,"8,62","6,7","11,07"
057,08.09.02,Hc.III.8.West,003,Fragment einer weibl. Terrakotte (m. Kopf),"8,66","6,65","108,77"
047,08.09.02,Hc.III.8.West,003,Flintgerät,"8,6","5,8","13,5"
048,08.09.02,Hc.III.8.West,003,Flintklingenfragment,"8,6","5,8","13,5"
054,08.09.02,Hc.III.7.West,001,verziertes Gefäß-Fragment,"8,65","5,4","8,97"
043,08.09.02,Hc.III.7.West,001,Wagenmodell-Rad,"8,6","4,9","11,65"
044,08.09.02,Hc.III.9,010,Wagenmodell-Rad,"8,6","4,9","11,65"
045,08.09.02,Hc.III.7.West,001,Kopf einer weibl. Terrakotte,"8,6","4,9","11,65"
063,08.09.02,Hc.III.9,010,Flintgerät-Fragment (Abschlag?),"8,7","4,9","9,56"
061,08.09.02,Hc.III.8.West,003,Flintklingenfragment,"8,7","4,65","10,7"
055,08.09.02,Hc.III.9,010,Fragment einer weibl. Terrakotte (m. Kopf),"8,65","3,51","112,90"
049,08.09.02,Hc.III.8.West,003,Pferde-Terrakotte,"8,6","2,2","107,13"
056,08.09.02,Hc.III.7.West,001,Hausmodell-Fragment,"8,66","1,7","109,93"
033,07.09.02,Hd.III.6.West,001,Napf-Fragment,"8,55","9,2","108,21"
034,07.09.02,Hc.III.8.West,011,"polierter, schwarzer Stein","8,55","7,35","108,28"
038,07.09.02,Hc.III.7.West,001,Deckel mit plastischem Griff,"8,56","6,9","112,07"
036,07.09.02,Hc.III.7.West,001,plastisch verziertes Tonfragment,"8,55","6,00","113,44"
040,07.09.02,Hc.III.9,010,Deckel/Fuß? Schwarze Euphrat-Ware?,"8,6","4,9","11,65"
041,07.09.02,Hc.III.7.West,001,Wagenmodell-Rad,"8,6","4,9","11,65"
042,07.09.02,Hc.III.7.West,001,Kopf einer Terrakotte,"8,6","4,9","11,65"
039,07.09.02,Hc.III.8.West,003,Flintklingenfragment,"8,58","4,59","112,47"
035,07.09.02,Hc.III.9,010,durchbohrt Muschelfragment,"8,55","4,25","114,03"
032,07.09.02,Hc.III.9,bewegte Erde,Pferde-Terrakotte,"8,55","2,27","12,8"
037,07.09.02,Hc.III.7.West,001,2 Terrakottenfüße,"8,56","0,85","112,82"
031,05.09.02,Hc.III.7.Ost,008,Kopf einer weibl. Terrakotte,"8,55","6,25","11,98"
026,05.09.02,Hc.III.8.West,003,Körper einer weibl. Terrakotte,"8,5","5,5","12,82"
029,05.09.02,Hc.III.8.West,003,Terrakottenfuß,"8,5","4,7","9,52"
028,05.09.02,Hc.III.8.West,002,Deckel,"8,5",3,
027,05.09.02,Hc.III.8./West,003,Tierterrakotte,"8,5","1,8","13,65"
030,05.09.02,Hc.III.8.West,002,Schüsselprofil,"8,5","0,95","110,32"
017,04.09.02,Hc.III.8.West,001,Körper einer Terrakotte,"8,4","9,88","112,14"
020,04.09.02,Hc.III.8.West,003,Körper einer Tierterrakotte,"8,42","9,64","113,00"
005,04.09.02,Hc.III.8.West,001,Wagenmodell-Fragment,"8,35","8,8","108,19"
016,04.09.02,Hc.III.8.West,001,Fragment eines Räucherständers,"8,4","8,55","11,22"
014,04.09.02,Hc.III.8.West,001,Körper einer weibl. Terrakotte,"8,39","8,20","112,65"
019,04.09.02,Hc.III.8_West,003,Wagenmodell-Schild,"8,42","7,35","111,63"
015,04.09.02,Hc.III.8.West,001,Wagenmodell-Fragmente,"8,4","6,2","12,6"
018,04.09.02,Hc.III.7.Ots,001,Bronzenadel,"8,42","5,97","11,91"
024,04.09.02,Hc.III.8.West,003,Fragment einer Klinge,"8,49","5,58","111,18"
022,04.09.02,Hc.III.8.West,003,Fragment einer Terrakotte (Fuß),"8,45","4,69","112,60"
021,04.09.02,Hc.III.7.Ost,001,Perle,"8,43","1,98","12,83"
023,04.09.02,Hc.III.8.West,002,Flintfragment und ein Steinfragment,"8,48","1,96","12,84"
013,04.09.02,Hc.III.8.West,001,Unterteil einer Terrakotte,"8,38","1,94","12,84"
006,04.09.02,Hc.III.8.West,001,Körper einer weibl. Terrakotte,"8,35","1,68","109,43"
025,04.09.02,Hc.III.8.West,003,Schnecke,"8,5","0,3",
009,03.09.02,Hc.III.8.West,001,Körper einer weibl. Terrakotte,"8,33","6,06","111,23"
010,03.09.02,Hc.III.7.Ost,001,Terrakottenfuß,"8,34","5,84",
007,03.09.02,Hc.III.7.Ost,001,Schnecke,"8,30","4,78","112,57"
003,03.09.02,Hc.III.8.West,001,Perle (Knochen?),"8,3","2,4","110,19"
002,03.09.02,Hc.III.8.West,001,Wagenrad,"8,3","1,65","12,86"
008,03.09.02,Hc.III.7.Ost,001,Wagenmodell-Rad,"8,32","1,51","112,45"
011,03.09.02,Hc.III.7.Ost,001,Kopf einer Tierterrakotte,"8,35","0,85","13,39"
012,03.09.02,Hc.III.8.West,001,Wagenmodell-Rad,"8,35","0,85","13,39"
004,03.09.02,Hc.III.8.West,001,Kopf einer weiblichen Terrakotte,"8,3","0,3","107,63"
001,01.09.02,Hb.III.8,bewegte Erde,"2 Fragmente Flint, 1 vollständige Flintklinge","8,3","3,7","12,4"
020,2005,Hc.III.04,000,ceramics,,"5,4","13,84"
032,2005,Hd.III.05,000,figurine,,"5,4","13,84"
045,2004,Hc.III.04,000,ceramics,,"1,1","12,64"
000,1990,,000,chipped stone artifact/stone,,,
000,1990,,000,chipped stone artifact/stone,,,
000,1990,,000,ceramics,,,
000,1990,,000,chariot model,,,
001,1987,Hb.IV.02,000,chipped stone artifact/stone,,,
010,1987,Hb.IV.01,000,chipped stone artifact/stone,,,
110,1983,Hc.III.09,000,chariot model/clay,,,
111,1983,Ha.III.09,000,chariot model/clay,,,
251,1983,Hb.III.09,000,chipped stone artifact/stone,,,
076,1982,Hb.III.09,000,chariot model/clay,"2015,7",332.8,
326,1959,,000,figurine/terracotta,,,
332,1959,,000,figurine/terracotta,,,
333,1959,,000,figurine/terracotta,,,
334,1959,,000,figurine/terracotta,,,
335,1959,,000,chariot model/clay,,,
347,1958,,000,,,,
000,1958,,000,,,,
000,1958,,000,,,,
000,1958,,000,,,,
000,1958,,000,ceramics/clay,,,
294,1958,,000,ceramics/clay,,,
295,1958,,000,,,,
296,1958,,000,ceramics/clay,,,
297,1958,,000,ceramics/clay,,,
299,1958,,000,ceramics/clay,,,
300,1958,,000,ceramics/clay,,,
301,1958,,000,ceramics/clay,,,
305,1958,,000,ceramics/clay,,,
306,1958,,000,ceramics/clay,,,
306,1958,,000,ceramics/clay,,,
310,1958,,000,ceramics/clay,,,
311,1958,,000,ceramics/clay,,,
312,1958,,000,ceramics/clay,,,
317,1958,,000,ceramics/clay,,,
318,1958,,000,ceramics/clay,,,
322,1958,,000,ceramics/clay,,,
330,1958,,000,ceramics/clay,,,
331,1958,,000,ceramics/clay,,,
332,1958,,000,ceramics/clay,,,
336,1958,,000,ceramics/clay,,,
337,1958,,000,ceramics/clay,,,
338,1958,,000,ceramics/clay,,,
341,1958,,000,ceramics/clay,,,
342,1958,,000,ceramics/clay,,,
344,1958,,000,ceramics/clay,,,
398,1958,,000,bead/stone,,,
401,1958,,000,bead/glass,,,
401,1958,,000,bead/glass,,,
401,1958,,000,bead/glass,,,
